<?xml version="1.0" encoding="UTF-8"?>
<beans xmlns="http://www.springframework.org/schema/beans" xmlns:xsi="http://www.w3.org/2001/XMLSchema-instance" xmlns:context="http://www.springframework.org/schema/context" xsi:schemaLocation="
		http://www.springframework.org/schema/beans http://www.springframework.org/schema/beans/spring-beans-4.0.xsd
		http://www.springframework.org/schema/context  http://www.springframework.org/schema/context/spring-context-4.0.xsd" default-lazy-init="true">

	<description>Shiro权限控制</description>
	<!-- 缓存管理器 -->
	<bean id="shiroCacheManager" class="org.apache.shiro.cache.MemoryConstrainedCacheManager"/>
	
	<!-- 用户md5密码验证 -->
	<bean id="credentialsMatcher" class="xwgl.admin.shiro.CustomCredentialsMatcher"/>  


   <!-- 会话ID生成器 -->
    <bean id="sessionIdGenerator" class="org.apache.shiro.session.mgt.eis.JavaUuidSessionIdGenerator"/>

    <!-- 会话Cookie模板 -->
    <bean id="sessionIdCookie" class="org.apache.shiro.web.servlet.SimpleCookie">
        <constructor-arg value="sid"/>
        <property name="httpOnly" value="true"/>
        <property name="maxAge" value="-1"/>
    </bean>

    <bean id="rememberMeCookie" class="org.apache.shiro.web.servlet.SimpleCookie">
        <constructor-arg value="rememberMe"/>
        <property name="httpOnly" value="true"/>
        <property name="maxAge" value="2592000"/><!-- 30天 -->
    </bean>

    <!-- rememberMe管理器 -->
    <bean id="rememberMeManager" class="org.apache.shiro.web.mgt.CookieRememberMeManager">
        <!-- rememberMe cookie加密的密钥 建议每个项目都不一样 默认AES算法 密钥长度（128 256 512 位）-->
        <property name="cipherKey"
                  value="#{T(org.apache.shiro.codec.Base64).decode('4AvVhmFLUs0KTA3Kprsdag==')}"/>
        <property name="cookie" ref="rememberMeCookie"/>
    </bean>

    <!-- 会话DAO -->
    <bean id="sessionDAO" class="org.apache.shiro.session.mgt.eis.EnterpriseCacheSessionDAO">
        <property name="activeSessionsCacheName" value="shiro-activeSessionCache"/>
        <property name="sessionIdGenerator" ref="sessionIdGenerator"/>
    </bean>


    <!-- 会话管理器 -->
    <bean id="sessionManager" class="org.apache.shiro.web.session.mgt.DefaultWebSessionManager">
        <property name="globalSessionTimeout" value="1800000"/>
        <property name="deleteInvalidSessions" value="true"/>
        <property name="sessionValidationSchedulerEnabled" value="false"/>
        <property name="sessionDAO" ref="sessionDAO"/>
        <property name="sessionIdCookieEnabled" value="true"/>
        <property name="sessionIdCookie" ref="sessionIdCookie"/>
    </bean>	
	
	
	<bean id="securityManager" class="org.apache.shiro.web.mgt.DefaultWebSecurityManager">
		 <property name="realm" ref="myRealm" />
		  <property name="sessionManager" ref="sessionManager"/>
		 <property name="rememberMeManager" ref="rememberMeManager"/>
        <property name="cacheManager" ref="shiroCacheManager"/>
	</bean>
	
	 <bean class="org.springframework.beans.factory.config.MethodInvokingFactoryBean">
        <property name="staticMethod" value="org.apache.shiro.SecurityUtils.setSecurityManager"/>
        <property name="arguments" ref="securityManager"/>
    </bean>
	
	<!-- 处理认证 授权 -->
	<bean id="myRealm" class="xwgl.admin.shiro.MyRealm" >
		<property name="credentialsMatcher" ref="credentialsMatcher"/>  
		<property name="cachingEnabled" value="true"/>  
    	<property name="authenticationCachingEnabled" value="false"/>  
    	<property name="authorizationCachingEnabled" value="true"/>  
    	<property name="authorizationCacheName" value="authorizationCache"/>   
	</bean>
	
	
	
	<bean id="shiroFilter" class="org.apache.shiro.spring.web.ShiroFilterFactoryBean">
		<property name="securityManager" ref="securityManager" />
		<property name="loginUrl" value="/login" />
		<property name="successUrl" value="/index" />
		<property name="unauthorizedUrl" value="/login" />
		<property name="filterChainDefinitions">
			<value>
				  /login=authc
				  /=authc
				  /loginout=logout
				  /gologin=authc
				  /index=authc
			</value>
		</property>
	</bean>

	<bean id="lifecycleBeanPostProcessor" class="org.apache.shiro.spring.LifecycleBeanPostProcessor" />
	
	<bean class="org.springframework.aop.framework.autoproxy.DefaultAdvisorAutoProxyCreator" depends-on="lifecycleBeanPostProcessor">
		<property name="proxyTargetClass" value="true" />
	</bean>
  
</beans>